<?xml version="1.0" encoding="UTF-8"?>
<beans xmlns="http://www.springframework.org/schema/beans"
	xmlns:xsi="http://www.w3.org/2001/XMLSchema-instance" xmlns:jdbc="http://www.springframework.org/schema/jdbc"
	xmlns:context="http://www.springframework.org/schema/context"
	xsi:schemaLocation="
		http://www.springframework.org/schema/beans http://www.springframework.org/schema/beans/spring-beans.xsd
		http://www.springframework.org/schema/jdbc http://www.springframework.org/schema/jdbc/spring-jdbc.xsd
		http://www.springframework.org/schema/context http://www.springframework.org/schema/context/spring-context.xsd">
	<bean class="org.springframework.jdbc.datasource.DriverManagerDataSource"
		id="applicationDataSource">
		<property name="driverClassName" value="com.mysql.jdbc.Driver" />
		<property name="url" value="${url}/${name}" />
		<property name="username" value="${user}" />
		<property name="password" value="${pass}" />
	</bean>

	<context:component-scan base-package="com.mycompany.application.module.service" />
	<context:component-scan base-package="com.mycompany.application.module.service.impl" />


</beans>