<?xml version="1.0" encoding="UTF-8"?>
<beans xmlns="http://www.springframework.org/schema/beans"
	xmlns:xsi="http://www.w3.org/2001/XMLSchema-instance"
	xmlns:integration="http://www.springframework.org/schema/integration"
	xmlns:amqp="http://www.springframework.org/schema/integration/amqp"
	xmlns:stream="http://www.springframework.org/schema/integration/stream"
	xmlns:rabbit="http://www.springframework.org/schema/rabbit"
	xmlns:context="http://www.springframework.org/schema/context"
	xsi:schemaLocation="
		http://www.springframework.org/schema/integration http://www.springframework.org/schema/integration/spring-integration.xsd
	    http://www.springframework.org/schema/integration/amqp http://www.springframework.org/schema/integration/amqp/spring-integration-amqp.xsd
		http://www.springframework.org/schema/integration/stream http://www.springframework.org/schema/integration/stream/spring-integration-stream.xsd
		http://www.springframework.org/schema/rabbit http://www.springframework.org/schema/rabbit/spring-rabbit.xsd
		http://www.springframework.org/schema/beans http://www.springframework.org/schema/beans/spring-beans.xsd
		http://www.springframework.org/schema/context http://www.springframework.org/schema/context/spring-context.xsd">

	<context:component-scan base-package="org.terasoluna.plus.message" />

	<!-- Activemq connection factory -->
	<bean id="amqConnectionFactory" class="org.apache.activemq.ActiveMQConnectionFactory">
		<constructor-arg index="0" value="${jms.broker.user}" />
		<constructor-arg index="1" value="${jms.broker.pass}" />
		<constructor-arg index="2" value="${jms.broker.url}" />
	</bean>


	<!-- ConnectionFactory Definition -->
	<bean id="connectionFactory"
		class="org.springframework.jms.connection.CachingConnectionFactory">
		<constructor-arg ref="amqConnectionFactory" />
	</bean>

	<!-- Default Destination Queue Definition -->
	<bean id="defaultDestination" class="org.apache.activemq.command.ActiveMQQueue">
		<constructor-arg index="0" value="${jms.queue.name}" />
	</bean>

	<!-- JmsTemplate Definition For One To One -->
	<bean id="jmsTemplate" class="org.springframework.jms.core.JmsTemplate">
		<property name="connectionFactory" ref="connectionFactory" />
		<property name="defaultDestination" ref="defaultDestination" />
	</bean>

	<!-- Destination Topic -->
	<bean id="destinationTopic" class="org.apache.activemq.command.ActiveMQTopic">
		<constructor-arg index="0" value="${jms.topic.name}" />
	</bean>

	<!-- JmsTemplate Definition For Publish/Subscribe -->
	<bean id="jmsTemplateProducer" class="org.springframework.jms.core.JmsTemplate">
		<property name="connectionFactory" ref="connectionFactory" />
		<property name="defaultDestination" ref="destinationTopic" />
		<property name="pubSubDomain" value="true" />
	</bean>

	<!-- Message Subscriber1 -->
	<bean id="messageSubscriber1"
		class="com.mycompany.application.module.service.impl.MessageSubscriber1" />

	<!-- Message Subscriber1 Container -->
	<bean
		class="org.springframework.jms.listener.DefaultMessageListenerContainer">
		<property name="connectionFactory" ref="connectionFactory" />
		<property name="destinationName" value="${jms.topic.name}" />
		<property name="messageListener" ref="messageSubscriber1" />
		<property name="pubSubDomain" value="true" />
	</bean>

</beans>