<?xml version="1.0" encoding="UTF-8"?>
<beans xmlns="http://www.springframework.org/schema/beans"
	xmlns:xsi="http://www.w3.org/2001/XMLSchema-instance"
	xmlns:context="http://www.springframework.org/schema/context"
	xmlns:aws-context="http://www.springframework.org/schema/cloud/aws/context"
	xmlns:jdbc="http://www.springframework.org/schema/cloud/aws/jdbc"
	xmlns:jpa="http://www.springframework.org/schema/data/jpa"
	xsi:schemaLocation="
		http://www.springframework.org/schema/beans http://www.springframework.org/schema/beans/spring-beans.xsd
		http://www.springframework.org/schema/context http://www.springframework.org/schema/context/spring-context.xsd
				http://www.springframework.org/schema/cloud/aws/context
		http://www.springframework.org/schema/cloud/aws/context/spring-cloud-aws-context-1.0.xsd
		http://www.springframework.org/schema/cloud/aws/jdbc
	   http://www.springframework.org/schema/cloud/aws/jdbc/spring-cloud-aws-jdbc.xsd
	   http://www.springframework.org/schema/data/jpa http://www.springframework.org/schema/data/jpa/spring-jpa.xsd">

		<jpa:repositories base-package="com.mycompany.application.module.repository" transaction-manager-ref="jpaTransactionManager" />
	
	<aws-context:context-credentials>
		<aws-context:simple-credentials
			access-key="#{systemEnvironment['AWS_ACCESS_KEY_ID'] }" secret-key="#{systemEnvironment['AWS_SECRET_ACCESS_KEY'] }" />
	</aws-context:context-credentials>

	<aws-context:context-region region="#{systemEnvironment['AWS_DEFAULT_REGION'] }" />

		<!-- add this -->
	<bean id="jpaDataSource"
		class="org.springframework.jdbc.datasource.DriverManagerDataSource">
		<property name="driverClassName" value="com.mysql.jdbc.Driver" />
		<property name="url" value="jdbc:mysql://mydbinstance.cvvanwcin3tb.eu-west-1.rds.amazonaws.com:3306/test" />
		<property name="username" value="mydbinstance" />
		<property name="password" value="mypassword" />
	</bean>

</beans>